problem_id,theorem_name,goal_text,vector
"Erdos_1","erdos_1","∃ C > (0 : ℝ), ∀ (N : ℕ) (A : Finset ℕ) (_ : IsSumDistinctSet A N), N ≠ 0 → C * 2 ^ A.card < N","0|0|0|0|0|0|0|0|0.0935601443|0|0|0.0935601443|0.187120289|0|0.187120289|0.187120289|0|0.0935601443|0.187120289|0.0935601443|0.280680418|0.374240577|0.187120289|0|0|0.187120289|0.0935601443|0|0.0935601443|0|0.0935601443|0|0|0|0|0|0|0|0|0|0|0|0|0|0|0|0|0|0|0|0|0|0|0|0|0|0|0|0.140028|0|0|0|0|0.700139999"
"Erdos_10","erdos_10","answer(sorry) ↔ ∃ k, sumPrimeAndTwoPows k = Set.univ \ {0, 1}","0|0|0|0|0|0|0|0|0|0|0|0|0|0|0|0.150661528|0.150661528|0|0.150661528|0.451984614|0|0|0|0|0.150661528|0|0|0|0.301323056|0|0.301323056|0.150661528|0|0|0|0|0|0|0|0|0|0|0|0|0|0|0|0|0|0|0|0|0|0|0|0|0|0|0.0353332609|0|0|0|0|0.706665218"
"Erdos_107","erdos_107","answer(sorry) ↔ ∀ n ≥ 3, f n = 2^(n - 2) + 1","0|0|0|0|0|0|0|0|0|0|0.135743827|0|0|0.40723148|0|0|0.271487653|0.135743827|0|0.271487653|0.271487653|0|0|0.135743827|0.135743827|0|0|0|0|0|0.135743827|0.135743827|0|0|0|0|0|0|0|0|0|0|0|0|0|0|0|0|0|0|0|0|0|0|0|0|0|0|0.0705345646|0|0|0|0|0.705345631"
"Erdos_1077","erdos_1077","answer(False) ↔ ∀ ε > (0 : ℝ), ε < 1 → ∀ α > (0 : ℝ), α < 1 → ∀ᶠ D in atTop, ∀ᶠ n in atTop, ∀ G : SimpleGraph (Fin n), G.edgeSet.ncard > (n : ℝ) ^ (1 + α) → ∃ (H : Subgraph G), letI m := H.verts.ncard IsBalanced H.coe D ∧ m > (n : ℝ) ^ (1 - α) ∧ H.edgeSet.ncard > ε * m ^ (1 + α)","0|0|0|0|0|0|0|0|0.244264513|0.104684792|0.104684792|0.174474642|0.0348949283|0.104684792|0.0348949283|0.139579713|0.0348949283|0.244264513|0.0348949283|0.0697898567|0.104684792|0.104684792|0.139579713|0.0348949283|0.174474642|0.174474642|0.139579713|0.0697898567|0.0348949283|0.244264513|0.209369585|0|0|0|0|0|0|0|0|0|0|0|0|0|0|0|0|0|0|0|0|0|0|0|0|0|0|0|0.333333343|0|0|0|0|0.666666687"
"Erdos_1084","erdos_1084.variants.upper_d1","f 1 n = n - 1","0|0|0|0|0|0|0|0|0|0.288675129|0.288675129|0|0|0|0|0|0|0.288675129|0|0.288675129|0|0|0|0.288675129|0|0|0|0.288675129|0|0|0|0|0|0|0|0|0|0|0|0|0|0|0|0|0|0|0|0|0|0|0|0|0|0|0|0|0|0|0|0|0|0|0|0.707106769"
"Erdos_1085","erdos_1085.variants.lower_d2","∃ c > (0 : ℝ), ∀ᶠ n : ℕ in atTop, (n : ℝ) ^ (1 + c / log (log n)) < f 2 n","0|0|0|0|0|0|0|0|0.109343499|0|0|0.109343499|0|0.109343499|0|0.218686998|0.109343499|0|0.109343499|0.109343499|0.328030497|0.218686998|0.109343499|0|0|0.109343499|0.109343499|0.109343499|0|0.218686998|0.328030497|0.109343499|0|0|0|0|0|0|0|0|0|0|0|0|0|0|0|0|0|0|0|0|0|0|0|0|0|0|0.140028|0|0|0|0|0.700139999"
"Erdos_1104","erdos_1104.variants.lower","∃ c₁ : ℝ, 0 < c₁ ∧ c₁ ≤ 1 ∧ (∀ᶠ n : ℕ in atTop, c₁ * Real.sqrt (n : ℝ) / Real.sqrt (Real.log (n : ℝ)) ≤ (triangleFreeMaxChromatic n : ℝ))","0|0|0|0|0|0|0|0|0|0.157683313|0.0788416564|0|0.157683313|0.157683313|0|0|0|0.236524969|0.0788416564|0.315366626|0|0.236524969|0|0.157683313|0.0788416564|0.157683313|0|0.157683313|0|0.157683313|0.236524969|0.157683313|0|0|0|0|0|0|0|0|0|0|0|0|0|0|0|0|0|0|0|0|0|0|0|0|0|0|0.17407766|0|0|0|0|0.696310639"
"Erdos_1105","erdos_1105.parts.i","answer(True) ↔ ∀ k, 3 ≤ k → ((fun n => (antiRamseyNum (cycleGraph k) n : ℝ) - ((k - 2 : ℝ) / 2 + 1 / (k - 1)) * n) =O[atTop] (fun _ => (1 : ℝ)))","0|0|0|0|0|0|0|0|0.148148164|0.0740740821|0.222222254|0.148148164|0.222222254|0.296296328|0.0740740821|0.0740740821|0|0.148148164|0.148148164|0.0740740821|0.148148164|0.0740740821|0.0740740821|0.0740740821|0.148148164|0|0.0740740821|0.0740740821|0.148148164|0.0740740821|0.222222254|0|0|0|0|0|0|0|0|0|0|0|0|0|0|0|0|0|0|0|0|0|0|0|0|0|0|0|0.333333373|0|0|0|0|0.666666746"
"Erdos_1175","erdos_1175","answer(sorry) ↔ ∀ (κ : Cardinal), ℵ₀ < κ → ∃ (μ : Cardinal), ∀ (V : Type*) (G : SimpleGraph V), G.chromaticCardinal = μ → ∃ (H : G.Subgraph), H.coe.CliqueFree 3 ∧ H.coe.chromaticCardinal = κ","0|0|0|0|0|0|0|0|0|0.132508457|0|0.331271172|0.0662542284|0.0662542284|0.132508457|0|0.39752537|0.198762685|0.0662542284|0.132508457|0.132508457|0.0662542284|0.132508457|0.0662542284|0|0.0662542284|0|0.0662542284|0|0.132508457|0.132508457|0.132508457|0|0|0|0|0|0|0|0|0|0|0|0|0|0|0|0|0|0|0|0|0|0|0|0|0|0|0.207514346|0|0|0|0|0.691714466"
"Erdos_1199","erdos_1199","answer(sorry) ↔ ∀ (color : ℕ → Fin 2), ∃ (A : Set ℕ), A.Infinite ∧ ∀ n ∈ (A+A), ∀ m ∈ (A+A), color n = color m","0|0|0|0|0|0|0|0|0.186096862|0.093048431|0.093048431|0.093048431|0.279145271|0|0.093048431|0.093048431|0.093048431|0.186096862|0|0.279145271|0.186096862|0.279145271|0|0.093048431|0|0.093048431|0|0|0|0.186096862|0.186096862|0.093048431|0|0|0|0|0|0|0|0|0|0|0|0|0|0|0|0|0|0|0|0|0|0|0|0|0|0|0.174077675|0|0|0|0|0.696310699"
"Erdos_120","erdos_120","answer(sorry) ↔ ∀ A : Set ℝ, A.Infinite → Erdos120For A","0|0|0|0|0|0|0|0|0|0.195993662|0|0.195993662|0|0|0.195993662|0.391987324|0.195993662|0.195993662|0|0|0|0|0.195993662|0|0|0|0|0|0.195993662|0.195993662|0.195993662|0|0|0|0|0|0|0|0|0|0|0|0|0|0|0|0|0|0|0|0|0|0|0|0|0|0|0|0.0353332609|0|0|0|0|0.706665218"
"Erdos_13","erdos_13","∃ C : ℝ, ∀ N : ℕ, ∀ A ⊆ Icc 1 N, IsForbiddenTripleFree A → (A.card : ℝ) ≤ (N : ℝ) / 3 + C","0|0|0|0|0|0|0|0|0|0.10180787|0.20361574|0.305423617|0.305423617|0.10180787|0|0|0.20361574|0.10180787|0.10180787|0.20361574|0.20361574|0.10180787|0|0|0|0.20361574|0|0.10180787|0.20361574|0|0|0|0|0|0|0|0|0|0|0|0|0|0|0|0|0|0|0|0|0|0|0|0|0|0|0|0|0|0.0705345646|0|0|0|0|0.705345631"
"Erdos_141","first_three_odd_primes","({3, 5, 7} : Set ℕ).IsPrimeProgressionOfLength 3","0|0|0|0|0|0|0|0|0|0.288494855|0.288494855|0|0.288494855|0|0|0.288494855|0|0|0|0|0|0|0|0.288494855|0|0|0|0|0.288494855|0|0|0|0|0|0|0|0|0|0|0|0|0|0|0|0|0|0|0|0|0|0|0|0|0|0|0|0|0|0.0353332609|0|0|0|0|0.706665218"
"Erdos_158","erdos_158","answer(sorry) ↔ ∀ A : Set ℕ, A.Infinite → B2 2 A → liminf (fun N : ℕ => (A ∩ .Iio N).ncard * (N : ℝ) ^ (- 1 / 2 : ℝ)) atTop = 0","0|0|0|0|0|0|0|0|0.0783410743|0.0783410743|0|0.235023215|0.0783410743|0.156682149|0.0783410743|0.313364297|0.156682149|0.0783410743|0.0783410743|0.0783410743|0.235023215|0.156682149|0.0783410743|0.0783410743|0.0783410743|0.156682149|0|0.0783410743|0.235023215|0|0.235023215|0|0|0|0|0|0|0|0|0|0|0|0|0|0|0|0|0|0|0|0|0|0|0|0|0|0|0|0.17407766|0|0|0|0|0.696310639"
"Erdos_160","erdos_160.known_upper","(fun n => (erdos_160.h n : ℝ)) =O[atTop] fun n => (n : ℝ) ^ ((2 : ℝ) / 3)","0|0|0|0|0|0|0|0|0.129301637|0|0|0.258603275|0.129301637|0.129301637|0|0|0.129301637|0.129301637|0.129301637|0|0|0.129301637|0|0|0|0|0.258603275|0.129301637|0.258603275|0|0.387904912|0|0|0|0|0|0|0|0|0|0|0|0|0|0|0|0|0|0|0|0|0|0|0|0|0|0|0|0.17407766|0|0|0|0|0.696310639"
"Erdos_168","erdos_168.parts.i","Filter.Tendsto (fun N => (F N / N : ℝ)) Filter.atTop (𝓝 answer(sorry))","0|0|0|0|0|0|0|0|0|0|0.165024593|0.165024593|0.330049187|0|0|0.330049187|0|0.165024593|0|0.165024593|0.165024593|0.165024593|0.165024593|0|0.165024593|0|0.165024593|0|0|0|0.165024593|0|0|0|0|0|0|0|0|0|0|0|0|0|0|0|0|0|0|0|0|0|0|0|0|0|0|0|0.140028|0|0|0|0|0.700139999"
"Erdos_184","erdos_184","∃ f : ℕ → ℝ, (f =O[atTop] fun n : ℕ ↦ (n : ℝ)) ∧ ∀ {V : Type*} [Fintype V] [DecidableEq V] (G : SimpleGraph V), ∃ (D : Finset G.Subgraph), (∀ H ∈ D, IsCycleOrEdge H.coe) ∧ IsDecomposition G D ∧ (D.card : ℝ) ≤ f (Fintype.card V)","0|0|0|0|0|0|0|0|0.0546069071|0.0546069071|0.109213814|0.0546069071|0|0.327641457|0.163820729|0.163820729|0.0546069071|0.109213814|0.109213814|0.273034543|0.109213814|0.218427628|0.0546069071|0|0|0.218427628|0|0.0546069071|0.218427628|0.0546069071|0.109213814|0.109213814|0|0|0|0|0|0|0|0|0|0|0|0|0|0|0|0|0|0|0|0|0|0|0|0|0|0|0.240239367|0|0|0|0|0.686398208"
"Erdos_188","erdos_188","IsLeast s answer(sorry)","0|0|0|0|0|0|0|0|0.407993346|0|0|0|0.407993346|0|0|0|0|0|0|0|0|0|0|0|0|0|0|0|0|0|0.407993346|0|0|0|0|0|0|0|0|0|0|0|0|0|0|0|0|0|0|0|0|0|0|0|0|0|0|0|0.0353332609|0|0|0|0|0.706665218"
"Erdos_193","erdos_193","answer(sorry) ↔ ∀ S : Set (Fin 3 → ℤ), S.Finite → /- The statement's $A = \lbrace a_1, a_2, \ldots \rbrace$ is an infinite set. If the sequence only takes finitely many values, one value has to repeat infinitely many times, which would yield a trivial collinear triple (x, x, x). In this case, the conjecture would hold for degenerate S-walks. Another case is constant S-walks, which would render the conjecture trivially false (finite loop ranges have no 3 distinct points). Assuming the authors intend to stay away from these degenerate cases, we formalize this by requiring an infinite range (and require distinct points). -/ ∀ a : ℕ → Fin 3 → ℤ, IsSWalk S a → (range a).Infinite → HasCollinearTriple ℚ (range (fun n ↦ (↑) ∘ a n : ℕ → Fin 3 → ℚ))","0|0|0|0|0|0|0|0|0.0865398496|0.0432699248|0.0865398496|0.216349632|0.0865398496|0.0865398496|0.0865398496|0.151444733|0.0649048835|0.129809767|0.194714665|0.173079699|0.0649048835|0.194714665|0.0865398496|0.151444733|0.151444733|0.173079699|0.129809767|0.0432699248|0.2812545|0.129809767|0.0649048835|0.108174816|0|0|0|0|0|0|0|0|0|0|0|0|0|0|0|0|0|0|0|0|0|0|0|0|0|0|0.303217679|0|0|0|0|0.673817098"
"Erdos_195","erdos_195","answer(sorry) = sSup {k : ℕ | ∀ f : ℤ ≃ ℤ, HasMonotoneAP f k}","0|0|0|0|0|0|0|0|0|0|0|0.166562602|0|0.166562602|0|0|0.166562602|0.333125204|0|0|0|0.166562602|0|0.166562602|0.166562602|0|0.166562602|0.166562602|0|0.333125204|0.166562602|0.166562602|0|0|0|0|0|0|0|0|0|0|0|0|0|0|0|0|0|0|0|0|0|0|0|0|0|0|0.0353332609|0|0|0|0|0.706665218"
"Erdos_200","erdos_200","answer(sorry) ↔ (fun n => (longestPrimeArithmeticProgressions n : ℝ)) =o[atTop] (fun n => log n)","0|0|0|0|0|0|0|0|0|0|0|0.274617493|0|0|0|0|0.137308747|0.137308747|0|0|0.137308747|0|0|0.137308747|0.274617493|0|0|0|0.274617493|0|0.41192624|0.137308747|0|0|0|0|0|0|0|0|0|0|0|0|0|0|0|0|0|0|0|0|0|0|0|0|0|0|0.140028|0|0|0|0|0.700139999"
"Erdos_213","erdos_213","answer(sorry) ↔ ∀ n : ℕ, n ≥ 4 → Erdos213For n","0|0|0|0|0|0|0|0|0|0|0|0|0|0.342783004|0|0|0.342783004|0.171391502|0|0.171391502|0|0|0|0|0|0.171391502|0|0|0.342783004|0|0.171391502|0.171391502|0|0|0|0|0|0|0|0|0|0|0|0|0|0|0|0|0|0|0|0|0|0|0|0|0|0|0.0353332609|0|0|0|0|0.706665218"
"Erdos_219","primeArithmeticProgression_3_5_7","{3, 5, 7} ∈ primeArithmeticProgressions","0|0|0|0|0|0|0|0|0|0.288675129|0.577350259|0.288675129|0|0|0|0|0|0|0|0|0|0|0|0|0|0|0|0|0|0|0|0|0|0|0|0|0|0|0|0|0|0|0|0|0|0|0|0|0|0|0|0|0|0|0|0|0|0|0|0|0|0|0|0.707106769"
"Erdos_228","erdos_228","answer(True) ↔ ∃ (c₁ : ℝ) (c₂ : ℝ), ∀ᶠ n : ℕ in Filter.atTop, ∃ p : Polynomial ℂ, p.degree = n ∧ (∀ i ≤ n, p.coeff i = 1 ∨ p.coeff i = -1) ∧ ∀ z : ℂ, ‖z‖ = 1 → ( √n < c₁ * ‖p.eval z‖ ∧ ‖p.eval z‖ < c₂ * √n )","0|0|0|0|0|0|0|0|0.0947558805|0.142133817|0.236889705|0|0.189511761|0.236889705|0|0.0947558805|0.0473779403|0.0947558805|0.189511761|0.142133817|0.142133817|0.189511761|0.0473779403|0.189511761|0|0.0473779403|0.236889705|0.189511761|0|0.142133817|0.142133817|0.0473779403|0|0|0|0|0|0|0|0|0|0|0|0|0|0|0|0|0|0|0|0|0|0|0|0|0|0|0.17407766|0|0|0|0|0.696310639"
"Erdos_241","erdos_241","answer(sorry) ↔ (fun N ↦ (f N 3 : ℝ)) ~[atTop] (fun N ↦ (N : ℝ) ^ ((1 : ℝ) / 3))","0|0|0|0|0|0|0|0|0.121339202|0|0|0.242678404|0.121339202|0|0.242678404|0.242678404|0.242678404|0.121339202|0|0|0.121339202|0.242678404|0|0|0|0.121339202|0.121339202|0.121339202|0|0.121339202|0.242678404|0|0|0|0|0|0|0|0|0|0|0|0|0|0|0|0|0|0|0|0|0|0|0|0|0|0|0|0.240239367|0|0|0|0|0.686398208"
"Erdos_245","erdos_245","answer(True) ↔ ∀ (A : Set ℕ), A.Infinite → atTop.Tendsto (fun N ↦ (A ∩ Icc 1 ⌊N⌋₊ |>.ncard : ℝ) / N) (𝓝 0) → 3 ≤ atTop.limsup fun N : ℝ ↦ ((A + A) ∩ Icc 1 ⌊N⌋₊ |>.ncard : EReal) / (A ∩ Icc 1 ⌊N⌋₊).ncard","0|0|0|0|0|0|0|0|0|0.0504356287|0.201742515|0.151306883|0.100871257|0.0504356287|0|0.252178162|0.0504356287|0.0504356287|0|0.100871257|0.201742515|0.151306883|0.201742515|0.0504356287|0.151306883|0.302613765|0.100871257|0|0.201742515|0.100871257|0.151306883|0|0|0|0|0|0|0|0|0|0|0|0|0|0|0|0|0|0|0|0|0|0|0|0|0|0|0|0.272165537|0|0|0|0|0.680413842"
"Erdos_272","erdos_272","(fun N ↦ (maxArithInterCard N : ℝ)) ~[atTop] (answer(sorry) : ℕ → ℝ)","0|0|0|0|0|0|0|0|0|0|0.321246266|0|0|0|0|0.160623133|0|0|0|0.160623133|0.321246266|0.321246266|0|0|0|0|0|0|0|0.160623133|0.321246266|0|0|0|0|0|0|0|0|0|0|0|0|0|0|0|0|0|0|0|0|0|0|0|0|0|0|0|0.140028|0|0|0|0|0.700139999"
"Erdos_273","erdos_273","answer(sorry) ↔ ∃ c : StrictCoveringSystem ℤ, ∀ i, ∃ (p : ℕ), p.Prime ∧ 5 ≤ p ∧ c.moduli i = Ideal.span {↑(p - 1)}","0|0|0|0|0|0|0|0|0.0834500492|0.166900098|0|0.166900098|0|0.0834500492|0.166900098|0|0.0834500492|0|0.0834500492|0|0.0834500492|0.0834500492|0|0|0.250350147|0.166900098|0.333800197|0|0|0.166900098|0.333800197|0.166900098|0|0|0|0|0|0|0|0|0|0|0|0|0|0|0|0|0|0|0|0|0|0|0|0|0|0|0.10547439|0|0|0|0|0.703162551"
"Erdos_285","erdos_285","answer(True) ↔ ∀ᵉ (f : ℕ → ℕ) (S : Set ℕ) (hS : S = {k | ∃ (n : Fin k.succ → ℕ), StrictMono n ∧ 0 ∉ Set.range n ∧ 1 = ∑ i, (1 : ℝ) / n i }) (h : ∀ k ∈ S, IsLeast { n (Fin.last k) | (n : Fin k.succ → ℕ) (_ : StrictMono n) (_ : 0 ∉ Set.range n) (_ : 1 = ∑ i, (1 : ℝ) / n i) } (f k)), ∃ (o : ℕ → ℝ) (_ : o =o[atTop] (1 : ℕ → ℝ)), ∀ k ∈ S, f k = (1 + o k) * rexp 1 / (rexp 1 - 1) * (k + 1)","0|0|0|0|0|0|0|0|0.0663236529|0.221078843|0.132647306|0.0663236529|0.176863074|0|0.110539421|0.132647306|0.132647306|0.0663236529|0.132647306|0.110539421|0.132647306|0.15475519|0.0884315372|0.0884315372|0.0663236529|0.15475519|0.0663236529|0.132647306|0.132647306|0.0221078843|0.132647306|0.0442157686|0|0|0|0|0|0|0|0|0|0|0|0|0|0|0|0|0|0|0|0|0|0|0|0|0|0|0.577350259|0|0|0|0|0.577350259"
"Erdos_295","erdos_295","answer(sorry) ↔ Filter.atTop.Tendsto (fun N => k N - (rexp 1 - 1)*N) Filter.atTop","0|0|0|0|0|0|0|0|0|0.114068024|0|0.342204064|0.342204064|0.114068024|0.114068024|0.342204064|0.114068024|0.228136048|0|0.114068024|0|0|0|0|0|0|0|0|0.114068024|0|0.114068024|0|0|0|0|0|0|0|0|0|0|0|0|0|0|0|0|0|0|0|0|0|0|0|0|0|0|0|0.10547439|0|0|0|0|0.703162551"
"Erdos_319","erdos_319.variants.lb","∃ (o : ℕ → ℝ), (o =o[atTop] (1 : ℕ → ℝ)) ∧ ∀ᶠ N in atTop, (1 - 1 / rexp 1 + o N) * N ≤ sSup { (#A : ℝ) | (A) (_ : A ⊆ Finset.Icc 1 N) (_ : ∃ δ : ℕ → ℤˣ, ∑ n ∈ A, (δ n : ℚ) / n = 0 ∧ ∀ A' ⊂ A, A'.Nonempty → ∑ n ∈ A', (δ n : ℚ) / n ≠ 0) }","0|0|0|0|0|0|0|0|0.169442862|0.135554284|0.135554284|0.0677771419|0.0677771419|0.033888571|0|0.203331441|0.033888571|0|0.135554284|0.237219989|0.10166572|0.203331441|0.169442862|0.338885725|0.033888571|0.135554284|0|0.0677771419|0.10166572|0.10166572|0.10166572|0.033888571|0|0|0|0|0|0|0|0|0|0|0|0|0|0|0|0|0|0|0|0|0|0|0|0|0|0|0.333333343|0|0|0|0|0.666666687"
"Erdos_326","erdos_326","answer(sorry) ↔ ∀ (A : Set ℕ), A.IsAddBasisOfOrder 2 → ∃ (b : ℕ → ℕ), StrictMono b ∧ ∀ n, b n ∈ A ∧ (Set.range b).IsAddBasis ∧ ∀ (x : ℝ), ¬ Tendsto (fun n ↦ (b n : ℝ) / n ^ 2) atTop (𝓝 x)","0|0|0|0|0|0|0|0|0.0575054623|0.172516391|0.0575054623|0.0575054623|0.230021849|0.115010925|0|0.230021849|0.115010925|0.172516391|0.172516391|0.115010925|0.287527323|0.172516391|0|0|0.0575054623|0.115010925|0.115010925|0.0575054623|0.172516391|0|0.172516391|0.115010925|0|0|0|0|0|0|0|0|0|0|0|0|0|0|0|0|0|0|0|0|0|0|0|0|0|0|0.272165537|0|0|0|0|0.680413842"
"Erdos_329","erdos_329","sSup {sidonUpperDensity A | (A : Set ℕ) (_ : IsSidon A)} = answer(sorry)","0|0|0|0|0|0|0|0|0|0|0|0|0.153442636|0|0|0.306885272|0|0.153442636|0.153442636|0|0.153442636|0|0.153442636|0|0|0.460327953|0.153442636|0.153442636|0|0|0.153442636|0|0|0|0|0|0|0|0|0|0|0|0|0|0|0|0|0|0|0|0|0|0|0|0|0|0|0|0.10547439|0|0|0|0|0.703162551"
"Erdos_340","greedySidon_go_singleton_two","(greedySidon.go {1} (by simp [IsSidon]) 2).val = 2","0|0|0|0|0|0|0|0|0|0.195627674|0|0|0.391255349|0.195627674|0|0|0|0.195627674|0.391255349|0|0|0|0.195627674|0|0|0|0|0|0|0|0.195627674|0|0|0|0|0|0|0|0|0|0|0|0|0|0|0|0|0|0|0|0|0|0|0|0|0|0|0|0.0705345646|0|0|0|0|0.705345631"
"Erdos_358","f_id","f id = fun n ↦ #{d ∈ n.divisors | Odd d}","0|0|0|0|0|0|0|0|0|0|0.452267021|0|0|0|0|0|0|0.150755674|0|0.150755674|0|0.150755674|0|0|0.150755674|0|0|0|0.301511347|0|0.150755674|0.301511347|0|0|0|0|0|0|0|0|0|0|0|0|0|0|0|0|0|0|0|0|0|0|0|0|0|0|0|0|0|0|0|0.707106769"
"Erdos_36","M_one","M 1 = 1","0|0|0|0|0|0|0|0|0|0|0|0|0|0|0|0.408248276|0|0|0|0|0|0|0|0|0|0|0|0.408248276|0.408248276|0|0|0|0|0|0|0|0|0|0|0|0|0|0|0|0|0|0|0|0|0|0|0|0|0|0|0|0|0|0|0|0|0|0|0.707106769"
"Erdos_43","erdos_43.parts.i","answer(False) ↔ ∃ C : ℝ, ∀ᶠ N in Filter.atTop, ∀ (A B : Finset ℕ), A ⊆ Finset.Icc 1 N → B ⊆ Finset.Icc 1 N → IsSidon (A : Set ℕ) → IsSidon (B : Set ℕ) → (A - A) ∩ (B - B) = {0} → ((A.card.choose 2 + B.card.choose 2 : ℕ) : ℝ) ≤ ((f N).choose 2 : ℝ) + C","0|0|0|0|0|0|0|0|0|0.0407231525|0.16289261|0.16289261|0.285062075|0.0814463049|0.0814463049|0.203615755|0.0407231525|0.16289261|0.0407231525|0.0814463049|0.122169457|0.122169457|0.122169457|0.122169457|0.0814463049|0.122169457|0.0407231525|0.16289261|0.244338915|0.203615755|0.0814463049|0|0|0|0|0|0|0|0|0|0|0|0|0|0|0|0|0|0|0|0|0|0|0|0|0|0|0|0.333333343|0|0|0|0|0.666666687"
"Erdos_494","erdos_494.variants.k_eq_2_card_not_pow_two","∀ card : ℕ, (∀ l : ℕ, card ≠ 2 ^ l) → Erdos494Unique 2 card","0|0|0|0|0|0|0|0|0|0.150661528|0|0|0|0|0|0.150661528|0|0.150661528|0.150661528|0|0.301323056|0.150661528|0.301323056|0.301323056|0|0|0|0|0.150661528|0.301323056|0|0|0|0|0|0|0|0|0|0|0|0|0|0|0|0|0|0|0|0|0|0|0|0|0|0|0|0|0.0353332609|0|0|0|0|0.706665218"
"Erdos_501","erdos_501","answer(sorry) ↔ ∀ (A : ℝ → Set ℝ), (∀ x, Bornology.IsBounded (A x)) → (∀ x, volume.toOuterMeasure (A x) < 1) → ∃ X : Set ℝ, X.Infinite ∧ X.Pairwise (fun x y => x ∉ A y)","0|0|0|0|0|0|0|0|0.0599708892|0.239883557|0.0599708892|0.0599708892|0.0599708892|0.119941778|0.0599708892|0.299854428|0.0599708892|0.0599708892|0.179912671|0.0599708892|0.0599708892|0.0599708892|0.0599708892|0.119941778|0|0|0|0.0599708892|0.179912671|0.239883557|0.359825343|0|0|0|0|0|0|0|0|0|0|0|0|0|0|0|0|0|0|0|0|0|0|0|0|0|0|0|0.240239367|0|0|0|0|0.686398208"
"Erdos_503","erdos_503.variants.R2","IsGreatest {(A.ncard) | (A : Set ℝ²) (hA : A.IsIsosceles)} 6","0|0|0|0|0|0|0|0|0.175790638|0|0|0|0|0.175790638|0|0.351581275|0|0|0.175790638|0|0.175790638|0|0.351581275|0.175790638|0.175790638|0|0.175790638|0|0|0.175790638|0|0|0|0|0|0|0|0|0|0|0|0|0|0|0|0|0|0|0|0|0|0|0|0|0|0|0|0|0.10547439|0|0|0|0|0.703162551"
"Erdos_507","erdos_507.equivalent","α ~[atTop] (answer(sorry) : ℕ → ℝ)","0|0|0|0|0|0|0|0|0|0|0.287956148|0|0|0|0|0|0|0|0|0.287956148|0.287956148|0.287956148|0|0|0|0|0|0|0|0.287956148|0.287956148|0|0|0|0|0|0|0|0|0|0|0|0|0|0|0|0|0|0|0|0|0|0|0|0|0|0|0|0.0705345646|0|0|0|0|0.705345631"
"Erdos_508","HadwigerNelsonProblem","χ(ℝ²) = answer(sorry)","0|0|0|0|0|0|0|0|0|0|0|0|0.352672815|0|0|0|0|0|0|0|0.352672815|0|0|0|0|0.352672815|0|0|0|0|0.352672815|0|0|0|0|0|0|0|0|0|0|0|0|0|0|0|0|0|0|0|0|0|0|0|0|0|0|0|0.0705345646|0|0|0|0|0.705345631"
"Erdos_509","erdos_509","answer(sorry) ↔ ∀ (f : ℂ[X]), f.Monic → f.natDegree ≠ 0 → ∃ (ι : Type), Nonempty (BoundedDiscCover {z | ‖f.eval z‖ ≤ 1} 2 ι)","0|0|0|0|0|0|0|0|0.182300925|0.182300925|0.0911504626|0|0.0911504626|0.0911504626|0.0911504626|0.182300925|0.182300925|0.182300925|0|0.0911504626|0|0.182300925|0.364601851|0|0|0|0.273451388|0|0|0.0911504626|0.182300925|0|0|0|0|0|0|0|0|0|0|0|0|0|0|0|0|0|0|0|0|0|0|0|0|0|0|0|0.140028|0|0|0|0|0.700139999"
"Erdos_535","erdos_535","∀ r ≥ 3, ∃ c > (0 : ℝ), ∀ᶠ (N : ℕ) in atTop, (f r N : ℝ) ≤ (N : ℝ) ^ (c / log (log (N : ℝ)))","0|0|0|0|0|0|0|0|0.1885681|0.0942840502|0.0942840502|0|0|0.0942840502|0.1885681|0.282852143|0.0942840502|0|0.0942840502|0.0942840502|0.377136201|0.1885681|0.0942840502|0.0942840502|0|0.1885681|0|0.0942840502|0|0.0942840502|0.0942840502|0.0942840502|0|0|0|0|0|0|0|0|0|0|0|0|0|0|0|0|0|0|0|0|0|0|0|0|0|0|0.240239397|0|0|0|0|0.686398268"
"Erdos_539","erdos_539","(fun n ↦ (cofactorThreshold n : ℝ)) =Θ[atTop] (answer(sorry) : ℕ → ℝ)","0|0|0|0|0|0|0|0|0|0|0.160623133|0|0|0|0|0|0.160623133|0|0.160623133|0.160623133|0|0.321246266|0|0|0|0|0|0.160623133|0.160623133|0|0.4818694|0|0|0|0|0|0|0|0|0|0|0|0|0|0|0|0|0|0|0|0|0|0|0|0|0|0|0|0.140028|0|0|0|0|0.700139999"
"Erdos_593","erdos_593","answer(sorry) ↔ ∀ (W : Type) [Fintype W] (F : ThreeUniformHypergraph W), IsObligatory F ↔ F.IsTwoColorable","0|0|0|0|0|0|0|0|0.153442636|0|0.153442636|0|0.306885272|0|0|0|0.153442636|0.153442636|0|0|0.306885272|0.153442636|0|0.306885272|0|0|0|0|0.153442636|0.153442636|0.153442636|0.153442636|0|0|0|0|0|0|0|0|0|0|0|0|0|0|0|0|0|0|0|0|0|0|0|0|0|0|0.10547439|0|0|0|0|0.703162551"
"Erdos_595","erdos_595","answer(sorry) ↔ ∃ (V : Type*) (_ : Infinite V) (G : SimpleGraph V), G.CliqueFree 4 ∧ ¬IsCountableUnionOfTriangleFree G","0|0|0|0|0|0|0|0|0|0|0|0|0|0.140028|0|0.280056|0.140028|0|0.140028|0.280056|0.280056|0|0.140028|0|0.140028|0|0.140028|0.140028|0|0.280056|0.140028|0.140028|0|0|0|0|0|0|0|0|0|0|0|0|0|0|0|0|0|0|0|0|0|0|0|0|0|0|0.140028|0|0|0|0|0.700139999"
"Erdos_61","erdos_61","answer(sorry) ↔ ∀ {α : Type*} [Fintype α] [DecidableEq α] (H : SimpleGraph α), ∃ c > (0 : ℝ), IsErdosHajnalLowerBound H (fun n : ℕ => (n : ℝ) ^ c)","0|0|0|0|0|0|0|0|0.350907564|0.087726891|0|0|0.087726891|0.175453782|0|0.175453782|0.263180673|0.175453782|0.087726891|0|0|0|0.087726891|0|0.087726891|0.087726891|0|0.087726891|0.087726891|0.087726891|0.350907564|0.087726891|0|0|0|0|0|0|0|0|0|0|0|0|0|0|0|0|0|0|0|0|0|0|0|0|0|0|0.17407766|0|0|0|0|0.696310639"
"Erdos_613","erdos_613","answer(False) ↔ ∀ n ≥ 3, ∀ (V : Type*) [Fintype V] (G : SimpleGraph V), [DecidableRel G.Adj] → G.edgeFinset.card = Nat.choose (2 * n + 1) 2 - Nat.choose n 2 - 1 → ∃ (B D : SimpleGraph V), [DecidableRel B.Adj] → [DecidableRel D.Adj] → G = B ⊔ D ∧ B.IsBipartite ∧ ∀ v, D.degree v < n","0|0|0|0|0|0|0|0|0|0.25012216|0.25012216|0.0833740607|0|0.208435148|0.0416870303|0.0833740607|0.0833740607|0.166748121|0.12506108|0.291809201|0.166748121|0.0833740607|0.12506108|0.12506108|0.0416870303|0.208435148|0.0833740607|0.0416870303|0.0416870303|0.12506108|0.166748121|0|0|0|0|0|0|0|0|0|0|0|0|0|0|0|0|0|0|0|0|0|0|0|0|0|0|0|0.17407766|0|0|0|0|0.696310639"
"Erdos_617","erdos_617.variants.r2","{r : ℕ | ∃ (V : Type) (_ : Fintype V) (_ : DecidableEq V), Fintype.card V = r^2 ∧ ∃ (coloring : Sym2 V → Fin r), ∀ (S : Finset V), S.card = r + 1 → ∀ (k : Fin r), ∃ u ∈ S, ∃ v ∈ S, u ≠ v ∧ coloring s(u, v) = k}.Infinite","0|0|0|0|0|0|0|0|0.0520357154|0.104071431|0.104071431|0.104071431|0.156107143|0.0520357154|0.104071431|0.156107143|0.208142862|0.208142862|0.104071431|0.208142862|0.104071431|0.156107143|0|0.208142862|0.208142862|0.104071431|0.0520357154|0|0.156107143|0.156107143|0.156107143|0.156107143|0|0|0|0|0|0|0|0|0|0|0|0|0|0|0|0|0|0|0|0|0|0|0|0|0|0|0.240239367|0|0|0|0|0.686398208"
"Erdos_659","erdos_659","answer(True) ↔ ∃ A : ℕ → Finset ℝ², (∀ n, #(A n) = n ∧ ∀ S ⊆ A n, #S = 4 → 3 ≤ distinctDistances S) ∧ (fun n ↦ distinctDistances (A n)) ≪ fun n ↦ n / sqrt (log n)","0|0|0|0|0|0|0|0|0|0.0562909208|0.168872759|0.0562909208|0.0562909208|0|0.0562909208|0.0562909208|0.0562909208|0.112581842|0.450327367|0.281454623|0.112581842|0.168872759|0.112581842|0.112581842|0.0562909208|0|0.0562909208|0.112581842|0.112581842|0.112581842|0.112581842|0.112581842|0|0|0|0|0|0|0|0|0|0|0|0|0|0|0|0|0|0|0|0|0|0|0|0|0|0|0.207514346|0|0|0|0|0.691714466"
"Erdos_705","erdos_705","answer(False) ↔ ∃ k, ∀ V : Set ℝ², V.Finite → (UnitDistancePlaneGraph V).girth ≥ k → (UnitDistancePlaneGraph V).chromaticNumber ≤ 3","0|0|0|0|0|0|0|0|0.103675663|0|0.103675663|0.414702654|0|0.207351327|0.103675663|0|0.103675663|0.103675663|0.31102699|0|0.103675663|0|0.103675663|0|0.207351327|0|0.103675663|0.207351327|0|0.103675663|0|0|0|0|0|0|0|0|0|0|0|0|0|0|0|0|0|0|0|0|0|0|0|0|0|0|0|0|0.10547439|0|0|0|0|0.703162551"
"Erdos_723","erdos_723","answer(sorry) ↔ ∀ {P L : Type} (_: Membership P L) (_ : Fintype P) (_ : Fintype L), ∀ pp : ProjectivePlane P L, IsPrimePow pp.order","0|0|0|0|0|0|0|0|0|0|0.0919328779|0|0|0|0.183865756|0|0.275798649|0.0919328779|0.275798649|0.275798649|0|0|0.0919328779|0.275798649|0.183865756|0|0.0919328779|0|0.0919328779|0|0.275798649|0|0|0|0|0|0|0|0|0|0|0|0|0|0|0|0|0|0|0|0|0|0|0|0|0|0|0|0.140028|0|0|0|0|0.700139999"
"Erdos_789","erdos_789","(fun n ↦ (subsetSumThreshold n : ℝ)) =Θ[atTop] (answer(sorry) : ℕ → ℝ)","0|0|0|0|0|0|0|0|0|0|0.160623133|0|0|0.160623133|0|0|0|0|0|0.160623133|0|0.321246266|0|0|0|0|0.160623133|0.160623133|0.160623133|0|0.4818694|0|0|0|0|0|0|0|0|0|0|0|0|0|0|0|0|0|0|0|0|0|0|0|0|0|0|0|0.140028|0|0|0|0|0.700139999"
"Erdos_812","erdos_812.parts.i","answer(sorry) ↔ ∃ c > 0, ∀ᶠ n in atTop, (R (n + 1) : ℝ) / (R n : ℝ) ≥ 1 + c","0|0|0|0|0|0|0|0|0.204251826|0|0|0|0.204251826|0|0.204251826|0.102125913|0.204251826|0.204251826|0.204251826|0|0.306377739|0.102125913|0.102125913|0|0|0.102125913|0|0|0|0.102125913|0.306377739|0|0|0|0|0|0|0|0|0|0|0|0|0|0|0|0|0|0|0|0|0|0|0|0|0|0|0|0.140028|0|0|0|0|0.700139999"
"Erdos_817","erdos_817","answer(sorry) ↔ (fun n => (3 ^ n : ℝ)) =O[atTop] fun n => (g 3 n : ℝ)","0|0|0|0|0|0|0|0|0.230204612|0|0|0.230204612|0|0.115102306|0|0|0.115102306|0.230204612|0.230204612|0|0|0|0|0|0|0|0|0.115102306|0.345306933|0|0.345306933|0|0|0|0|0|0|0|0|0|0|0|0|0|0|0|0|0|0|0|0|0|0|0|0|0|0|0|0.140028|0|0|0|0|0.700139999"
"Erdos_82","erdos_82","Tendsto (fun n => F n / Real.log n) atTop atTop","0|0|0|0|0|0|0|0|0|0|0|0.364920348|0|0|0|0.182460174|0|0.182460174|0|0.182460174|0|0|0|0.182460174|0|0|0.182460174|0|0.182460174|0.182460174|0|0.364920348|0|0|0|0|0|0|0|0|0|0|0|0|0|0|0|0|0|0|0|0|0|0|0|0|0|0|0.0353332609|0|0|0|0|0.706665218"
"Erdos_835","erdos_835","(∃ k > 2, Property k) ↔ answer(sorry)","0|0|0|0|0|0|0|0|0|0.223049864|0|0|0|0|0|0|0.223049864|0|0|0|0|0.223049864|0|0.223049864|0.223049864|0|0|0|0|0|0.446099728|0.223049864|0|0|0|0|0|0|0|0|0|0|0|0|0|0|0|0|0|0|0|0|0|0|0|0|0|0|0.0705345646|0|0|0|0|0.705345631"
"Erdos_865","erdos_865","∃ C > 0, ∀ᶠ (N : ℕ) in atTop, ∀ A ⊆ Icc 1 N, A.card ≥ (5 / 8 : ℝ) * N + C → ∃ a ∈ A, ∃ b ∈ A, ∃ c ∈ A, a ≠ b ∧ a ≠ c ∧ b ≠ c ∧ a + b ∈ A ∧ a + c ∈ A ∧ b + c ∈ A","0|0|0|0|0|0|0|0|0.238450333|0.039741721|0.039741721|0.119225167|0.079483442|0|0|0.158966884|0.119225167|0.119225167|0.317933768|0.039741721|0.317933768|0.119225167|0.079483442|0.079483442|0.278192073|0.039741721|0|0.079483442|0.119225167|0.158966884|0.039741721|0.079483442|0|0|0|0|0|0|0|0|0|0|0|0|0|0|0|0|0|0|0|0|0|0|0|0|0|0|0.0705345646|0|0|0|0|0.705345631"
"Erdos_868","erdos_868.parts.i","answer(False) ↔ ∀ (A : Set ℕ), A.IsAsymptoticAddBasisOfOrder 2 → atTop.Tendsto (fun n => ncard_add_repr A 2 n) atTop → ∃ B ⊆ A, B.IsAsymptoticAddBasisOfOrder 2 ∧ ∀ b ∈ B, ¬(B \ {b}).IsAsymptoticAddBasisOfOrder 2","0|0|0|0|0|0|0|0|0|0.268245012|0|0.268245012|0.134122506|0.0670612529|0|0.134122506|0|0.335306257|0.0670612529|0.201183751|0.134122506|0.0670612529|0|0.134122506|0.201183751|0|0.134122506|0.0670612529|0.134122506|0.0670612529|0.0670612529|0.134122506|0|0|0|0|0|0|0|0|0|0|0|0|0|0|0|0|0|0|0|0|0|0|0|0|0|0|0.140028|0|0|0|0|0.700139999"
"Erdos_89","erdos_89","(fun (n : ℕ) => n/(n : ℝ).log.sqrt) =O[atTop] (fun n => (minimalDistinctDistances n : ℝ))","0|0|0|0|0|0|0|0|0|0|0.117697977|0.353093922|0|0.353093922|0.117697977|0|0.117697977|0|0|0|0|0|0|0|0|0|0|0|0.353093922|0.117697977|0.235395953|0|0|0|0|0|0|0|0|0|0|0|0|0|0|0|0|0|0|0|0|0|0|0|0|0|0|0|0.17407766|0|0|0|0|0.696310639"
"Erdos_893","erdos_893","answer(sorry) ↔ Tendsto (fun n : ℕ => (f (2 * n) : ℝ) / (f n : ℝ)) atTop atTop","0|0|0|0|0|0|0|0|0|0|0|0.11009638|0.11009638|0.11009638|0|0.330289125|0.22019276|0|0|0.11009638|0.22019276|0|0|0|0|0.11009638|0|0.11009638|0.11009638|0|0.44038552|0|0|0|0|0|0|0|0|0|0|0|0|0|0|0|0|0|0|0|0|0|0|0|0|0|0|0|0.17407766|0|0|0|0|0.696310639"
"Erdos_899","erdos_899","answer(True) ↔ ∀ (A : Set ℕ), A.Infinite → Tendsto (fun N => (A ∩ Icc 1 N |>.ncard : ℝ) / N) atTop (𝓝 0) → atTop.limsup (fun N => ((A - A : Set ℕ) ∩ Icc 1 N |>.ncard : EReal) / (A ∩ Icc 1 N).ncard) = ⊤","0|0|0|0|0|0|0|0|0|0|0.244687602|0.163125068|0.163125068|0|0|0.407812685|0.040781267|0.040781267|0|0.203906342|0.163125068|0.040781267|0.203906342|0.040781267|0|0.081562534|0.081562534|0|0.203906342|0.040781267|0.040781267|0|0|0|0|0|0|0|0|0|0|0|0|0|0|0|0|0|0|0|0|0|0|0|0|0|0|0|0.303217679|0|0|0|0|0.673817098"
"Erdos_9","erdos9A_contains_one","1 ∈ Erdos9A","0|0|0|0|0|0|0|0|0|0|0.49999997|0.49999997|0|0|0|0|0|0|0|0|0|0|0|0|0|0|0|0|0|0|0|0|0|0|0|0|0|0|0|0|0|0|0|0|0|0|0|0|0|0|0|0|0|0|0|0|0|0|0|0|0|0|0|0.707106769"
"Erdos_90","erdos_90","answer(False) ↔ ∃ (O : ℕ → ℝ) (hO : O =O[atTop] (fun n => 1 / (n : ℝ).log.log)), (fun n => (maxUnitDistances n : ℝ)) =ᶠ[atTop] fun (n : ℕ) => (n : ℝ) ^ (1 + O n)","0|0|0|0|0|0|0|0|0.0683985576|0.0683985576|0.205195665|0.205195665|0.0683985576|0.136797115|0.136797115|0.0683985576|0.136797115|0.205195665|0.136797115|0|0.205195665|0.136797115|0.0683985576|0|0|0|0.0683985576|0|0.27359423|0.0683985576|0.27359423|0|0|0|0|0|0|0|0|0|0|0|0|0|0|0|0|0|0|0|0|0|0|0|0|0|0|0|0.333333343|0|0|0|0|0.666666687"
"Erdos_91","erdos_91","(∀ᶠ n : ℕ in atTop, ¬ UniqueMinimizer n) ↔ answer(sorry)","0|0|0|0|0|0|0|0|0|0.20361574|0|0|0.20361574|0.20361574|0|0|0|0|0|0|0|0.40723148|0|0|0|0.20361574|0.20361574|0.20361574|0|0|0.20361574|0.20361574|0|0|0|0|0|0|0|0|0|0|0|0|0|0|0|0|0|0|0|0|0|0|0|0|0|0|0.0705345646|0|0|0|0|0.705345631"
"Erdos_918","erdos_918.parts.i","answer(sorry) ↔ ∃ (V : Type u) (G : SimpleGraph V), #V = ℵ_ 2 ∧ G.chromaticCardinal = ℵ_ 2 ∧ ∀ (W : Set V) (_ : #W = ℵ₁), (G.induce W).chromaticCardinal ≤ ℵ₀","0|0|0|0|0|0|0|0|0.147474021|0|0.0737370104|0|0.0737370104|0.147474021|0.147474021|0.0737370104|0.294948041|0.294948041|0.0737370104|0.294948041|0.0737370104|0.0737370104|0.221211046|0|0.147474021|0|0.147474021|0|0|0|0.147474021|0.0737370104|0|0|0|0|0|0|0|0|0|0|0|0|0|0|0|0|0|0|0|0|0|0|0|0|0|0|0.207514346|0|0|0|0|0.691714466"
"Erdos_920","erdos_920","answer(sorry) ↔ ∀ k : ℕ, k ≥ 4 → ∃ c > 0, (fun n ↦ f k n) ≫ (fun n ↦ (n : ℝ) ^ (1 - 1 / ((k : ℝ) - 1)) / (log n) ^ c)","0|0|0|0|0|0|0|0|0.139617965|0.209426954|0|0.0698089823|0.139617965|0|0.139617965|0.0698089823|0.0698089823|0.0698089823|0.0698089823|0|0|0.209426954|0.139617965|0.0698089823|0.139617965|0.139617965|0.209426954|0.0698089823|0.139617965|0.139617965|0.349044919|0.139617965|0|0|0|0|0|0|0|0|0|0|0|0|0|0|0|0|0|0|0|0|0|0|0|0|0|0|0.272165537|0|0|0|0|0.680413842"
"Erdos_97","erdos_97","answer(sorry) ↔ ∀ A : Finset ℝ², A.Nonempty → ConvexIndep A → ¬HasNEquidistantProperty 4 A","0|0|0|0|0|0|0|0|0.282666087|0|0|0|0|0.141333044|0|0.282666087|0.141333044|0.282666087|0|0|0.282666087|0|0.282666087|0|0|0.141333044|0|0|0.141333044|0|0.141333044|0|0|0|0|0|0|0|0|0|0|0|0|0|0|0|0|0|0|0|0|0|0|0|0|0|0|0|0.0353332609|0|0|0|0|0.706665218"
"Erdos_98","erdos_98","answer(sorry) ↔ Tendsto (fun n : ℕ ↦ ((h n : ℝ) / (n : ℝ))) atTop atTop","0|0|0|0|0|0|0|0|0|0.129301637|0|0|0.129301637|0.129301637|0|0.258603275|0.129301637|0|0.129301637|0.129301637|0.129301637|0|0|0|0|0|0|0|0.129301637|0|0.51720655|0.129301637|0|0|0|0|0|0|0|0|0|0|0|0|0|0|0|0|0|0|0|0|0|0|0|0|0|0|0.17407766|0|0|0|0|0.696310639"
